Kind,Name,File,MaxNesting,PercentLackOfCohesion,MaxInheritanceTree,SumCyclomatic,CountClassDerived,CountClassBase,CountClassCoupled
File,"BigDecimalUtil.java",BigDecimalUtil.java,2,,,10,,,
File,"CalendarUtil.java",CalendarUtil.java,3,,,17,,,
File,"CrumbManager.java",CrumbManager.java,5,,,24,,,
File,"ExchangeTimeZone.java",ExchangeTimeZone.java,1,,,5,,,
File,"FxQuote.java",FxQuote.java,1,,,9,,,
File,"FxQuoteRequestTest.java",FxQuoteRequestTest.java,0,,,2,,,
File,"FxQuotesQuery1V7Request.java",FxQuotesQuery1V7Request.java,0,,,2,,,
File,"FxQuotesRequest.java",FxQuotesRequest.java,1,,,3,,,
File,"FxSymbols.java",FxSymbols.java,0,,,0,,,
File,"HistDividendsRequest.java",HistDividendsRequest.java,1,,,8,,,
File,"HistQuotes2Request.java",HistQuotes2Request.java,1,,,14,,,
File,"HistQuotesQuery2V8Request.java",HistQuotesQuery2V8Request.java,2,,,13,,,
File,"HistQuotesRequest.java",HistQuotesRequest.java,1,,,11,,,
File,"HistSplitsRequest.java",HistSplitsRequest.java,1,,,8,,,
File,"HistoricalDividend.java",HistoricalDividend.java,0,,,9,,,
File,"HistoricalQuote.java",HistoricalQuote.java,0,,,19,,,
File,"HistoricalQuoteRequestTest.java",HistoricalQuoteRequestTest.java,1,,,9,,,
File,"HistoricalSplit.java",HistoricalSplit.java,0,,,12,,,
File,"Interval.java",Interval.java,0,,,2,,,
File,"IntervalMapper.java",IntervalMapper.java,1,,,4,,,
File,"MockedServersTest.java",MockedServersTest.java,1,,,3,,,
File,"PrimitiveTypesConvertUtils.java",PrimitiveTypesConvertUtils.java,2,,,15,,,
File,"QueryInterval.java",QueryInterval.java,0,,,2,,,
File,"QuoteRequestFlowTest.java",QuoteRequestFlowTest.java,0,,,4,,,
File,"QuotesProperty.java",QuotesProperty.java,0,,,2,,,
File,"QuotesRequest.java",QuotesRequest.java,2,,,11,,,
File,"QuotesRequest.java",QuotesRequest.java,2,,,7,,,
File,"RedirectableRequest.java",RedirectableRequest.java,2,,,19,,,
File,"ResponseResource.java",ResponseResource.java,1,,,4,,,
File,"SimpleQuoteRequestTest.java",SimpleQuoteRequestTest.java,0,,,3,,,
File,"Stock.java",Stock.java,2,,,45,,,
File,"StockDataUpdater.java",StockDataUpdater.java,2,,,14,,,
File,"StockDividend.java",StockDividend.java,1,,,15,,,
File,"StockDividendBuilder.java",StockDividendBuilder.java,0,,,7,,,
File,"StockQuote.java",StockQuote.java,1,,,59,,,
File,"StockQuotesData.java",StockQuotesData.java,1,,,7,,,
File,"StockQuotesQuery1V7Request.java",StockQuotesQuery1V7Request.java,2,,,15,,,
File,"StockQuotesRequest.java",StockQuotesRequest.java,3,,,10,,,
File,"StockStats.java",StockStats.java,1,,,41,,,
File,"Utils.java",Utils.java,3,,,20,,,
File,"YahooFinance.java",YahooFinance.java,2,,,28,,,
File,"YahooFinanceDispatcher.java",YahooFinanceDispatcher.java,1,,,6,,,
File,"pom.xml",pom.xml,0,,,0,,,
File,"ruleset.xml",ruleset.xml,0,,,0,,,
Package,"yahoofinance",Stock.java,2,,,105,,,
Public Class,"yahoofinance.FxQuoteRequestTest",FxQuoteRequestTest.java,0,0,2,2,0,1,8
Public Method,"yahoofinance.FxQuoteRequestTest.fxFlowTest",FxQuoteRequestTest.java,0,,,1,,,
Public Method,"yahoofinance.FxQuoteRequestTest.fxQuoteTest",FxQuoteRequestTest.java,0,,,1,,,
Public Class,"yahoofinance.HistoricalQuoteRequestTest",HistoricalQuoteRequestTest.java,1,21,2,9,0,1,13
Public Method,"yahoofinance.HistoricalQuoteRequestTest.historicalFlowTest",HistoricalQuoteRequestTest.java,0,,,1,,,
Public Method,"yahoofinance.HistoricalQuoteRequestTest.historicalQuoteTest",HistoricalQuoteRequestTest.java,1,,,2,,,
Public Method,"yahoofinance.HistoricalQuoteRequestTest.impossibleRequestTest",HistoricalQuoteRequestTest.java,1,,,2,,,
Public Method,"yahoofinance.HistoricalQuoteRequestTest.intervalTest",HistoricalQuoteRequestTest.java,0,,,1,,,
Public Method,"yahoofinance.HistoricalQuoteRequestTest.multiStockTest",HistoricalQuoteRequestTest.java,0,,,1,,,
Public Method,"yahoofinance.HistoricalQuoteRequestTest.multiYearTest",HistoricalQuoteRequestTest.java,0,,,1,,,
Public Method,"yahoofinance.HistoricalQuoteRequestTest.setup",HistoricalQuoteRequestTest.java,0,,,1,,,
Public Class,"yahoofinance.QuoteRequestFlowTest",QuoteRequestFlowTest.java,0,0,2,4,0,1,11
Public Method,"yahoofinance.QuoteRequestFlowTest.dividendRefreshTest",QuoteRequestFlowTest.java,0,,,1,,,
Public Method,"yahoofinance.QuoteRequestFlowTest.multipleQuoteRequestTest",QuoteRequestFlowTest.java,0,,,1,,,
Public Method,"yahoofinance.QuoteRequestFlowTest.quoteRefreshTest",QuoteRequestFlowTest.java,0,,,1,,,
Public Method,"yahoofinance.QuoteRequestFlowTest.statsRefreshTest",QuoteRequestFlowTest.java,0,,,1,,,
Public Class,"yahoofinance.SimpleQuoteRequestTest",SimpleQuoteRequestTest.java,0,0,2,3,0,1,10
Public Method,"yahoofinance.SimpleQuoteRequestTest.europeStockQuoteTest",SimpleQuoteRequestTest.java,0,,,1,,,
Public Method,"yahoofinance.SimpleQuoteRequestTest.singaporeStockQuoteTest",SimpleQuoteRequestTest.java,0,,,1,,,
Public Method,"yahoofinance.SimpleQuoteRequestTest.usStockQuoteTest",SimpleQuoteRequestTest.java,0,,,1,,,
Public Class,"yahoofinance.Stock",Stock.java,2,91,1,45,0,1,20
Public Constructor,"yahoofinance.Stock.Stock",Stock.java,0,,,1,,,
Public Method,"yahoofinance.Stock.getCurrency",Stock.java,0,,,1,,,
Public Method,"yahoofinance.Stock.getDividend",Stock.java,0,,,1,,,
Public Method,"yahoofinance.Stock.getDividend",Stock.java,0,,,1,,,
Public Method,"yahoofinance.Stock.getDividendHistory",Stock.java,1,,,2,,,
Public Method,"yahoofinance.Stock.getDividendHistory",Stock.java,0,,,1,,,
Public Method,"yahoofinance.Stock.getDividendHistory",Stock.java,1,,,2,,,
Public Method,"yahoofinance.Stock.getHistory",Stock.java,1,,,2,,,
Public Method,"yahoofinance.Stock.getHistory",Stock.java,0,,,1,,,
Public Method,"yahoofinance.Stock.getHistory",Stock.java,1,,,2,,,
Public Method,"yahoofinance.Stock.getHistory",Stock.java,0,,,1,,,
Public Method,"yahoofinance.Stock.getHistory",Stock.java,0,,,1,,,
Public Method,"yahoofinance.Stock.getHistory",Stock.java,0,,,1,,,
Public Method,"yahoofinance.Stock.getName",Stock.java,0,,,1,,,
Public Method,"yahoofinance.Stock.getQuote",Stock.java,0,,,1,,,
Public Method,"yahoofinance.Stock.getQuote",Stock.java,0,,,1,,,
Public Method,"yahoofinance.Stock.getSplitHistory",Stock.java,1,,,2,,,
Public Method,"yahoofinance.Stock.getSplitHistory",Stock.java,0,,,1,,,
Public Method,"yahoofinance.Stock.getSplitHistory",Stock.java,1,,,2,,,
Public Method,"yahoofinance.Stock.getStats",Stock.java,0,,,1,,,
Public Method,"yahoofinance.Stock.getStats",Stock.java,0,,,1,,,
Public Method,"yahoofinance.Stock.getStockExchange",Stock.java,0,,,1,,,
Public Method,"yahoofinance.Stock.getSymbol",Stock.java,0,,,1,,,
Public Method,"yahoofinance.Stock.isValid",Stock.java,0,,,1,,,
Public Method,"yahoofinance.Stock.print",Stock.java,2,,,4,,,
Public Method,"yahoofinance.Stock.setCurrency",Stock.java,0,,,1,,,
Public Method,"yahoofinance.Stock.setDividend",Stock.java,0,,,1,,,
Public Method,"yahoofinance.Stock.setDividendHistory",Stock.java,0,,,1,,,
Public Method,"yahoofinance.Stock.setHistory",Stock.java,0,,,1,,,
Public Method,"yahoofinance.Stock.setName",Stock.java,0,,,1,,,
Public Method,"yahoofinance.Stock.setQuote",Stock.java,0,,,1,,,
Public Method,"yahoofinance.Stock.setSplitHistory",Stock.java,0,,,1,,,
Public Method,"yahoofinance.Stock.setStats",Stock.java,0,,,1,,,
Public Method,"yahoofinance.Stock.setStockExchange",Stock.java,0,,,1,,,
Public Method,"yahoofinance.Stock.toString",Stock.java,0,,,1,,,
Private Method,"yahoofinance.Stock.update",Stock.java,0,,,1,,,
Public Class,"yahoofinance.StockDataUpdater",StockDataUpdater.java,2,56,1,14,0,1,14
Public Constructor,"yahoofinance.StockDataUpdater.StockDataUpdater",StockDataUpdater.java,0,,,1,,,
Public Method,"yahoofinance.StockDataUpdater.getDividend",StockDataUpdater.java,1,,,2,,,
Public Method,"yahoofinance.StockDataUpdater.getDividend",StockDataUpdater.java,0,,,1,,,
Public Method,"yahoofinance.StockDataUpdater.getQuote",StockDataUpdater.java,1,,,2,,,
Public Method,"yahoofinance.StockDataUpdater.getQuote",StockDataUpdater.java,0,,,1,,,
Public Method,"yahoofinance.StockDataUpdater.getStats",StockDataUpdater.java,1,,,2,,,
Public Method,"yahoofinance.StockDataUpdater.getStats",StockDataUpdater.java,0,,,1,,,
Public Method,"yahoofinance.StockDataUpdater.update",StockDataUpdater.java,2,,,4,,,
Public Class,"yahoofinance.YahooFinance",YahooFinance.java,2,0,1,28,0,1,18
Private Static Method,"yahoofinance.YahooFinance.fetchHistoricalQuotes",YahooFinance.java,1,,,2,,,
Public Static Method,"yahoofinance.YahooFinance.get",YahooFinance.java,0,,,1,,,
Public Static Method,"yahoofinance.YahooFinance.get",YahooFinance.java,0,,,1,,,
Public Static Method,"yahoofinance.YahooFinance.get",YahooFinance.java,0,,,1,,,
Public Static Method,"yahoofinance.YahooFinance.get",YahooFinance.java,0,,,1,,,
Public Static Method,"yahoofinance.YahooFinance.get",YahooFinance.java,0,,,1,,,
Public Static Method,"yahoofinance.YahooFinance.get",YahooFinance.java,0,,,1,,,
Public Static Method,"yahoofinance.YahooFinance.get",YahooFinance.java,0,,,1,,,
Public Static Method,"yahoofinance.YahooFinance.get",YahooFinance.java,0,,,1,,,
Public Static Method,"yahoofinance.YahooFinance.get",YahooFinance.java,0,,,1,,,
Public Static Method,"yahoofinance.YahooFinance.get",YahooFinance.java,0,,,1,,,
Public Static Method,"yahoofinance.YahooFinance.get",YahooFinance.java,0,,,1,,,
Public Static Method,"yahoofinance.YahooFinance.get",YahooFinance.java,0,,,1,,,
Public Static Method,"yahoofinance.YahooFinance.get",YahooFinance.java,0,,,1,,,
Public Static Method,"yahoofinance.YahooFinance.get",YahooFinance.java,0,,,1,,,
Public Static Method,"yahoofinance.YahooFinance.getFx",YahooFinance.java,1,,,3,,,
Public Static Method,"yahoofinance.YahooFinance.getFx",YahooFinance.java,1,,,2,,,
Private Static Method,"yahoofinance.YahooFinance.getQuotes",YahooFinance.java,0,,,1,,,
Private Static Method,"yahoofinance.YahooFinance.getQuotes",YahooFinance.java,2,,,6,,,
Package,"yahoofinance.exchanges",ExchangeTimeZone.java,1,,,5,,,
Public Class,"yahoofinance.exchanges.ExchangeTimeZone",ExchangeTimeZone.java,1,0,1,5,0,1,6
Public Static Method,"yahoofinance.exchanges.ExchangeTimeZone.get",ExchangeTimeZone.java,1,,,2,,,
Public Static Method,"yahoofinance.exchanges.ExchangeTimeZone.getStockTimeZone",ExchangeTimeZone.java,1,,,3,,,
Package,"yahoofinance.histquotes",HistoricalQuote.java,1,,,32,,,
Public Class,"yahoofinance.histquotes.HistQuotesRequest",HistQuotesRequest.java,1,69,1,11,0,1,19
Public Constructor,"yahoofinance.histquotes.HistQuotesRequest.HistQuotesRequest",HistQuotesRequest.java,0,,,1,,,
Public Constructor,"yahoofinance.histquotes.HistQuotesRequest.HistQuotesRequest",HistQuotesRequest.java,0,,,1,,,
Public Constructor,"yahoofinance.histquotes.HistQuotesRequest.HistQuotesRequest",HistQuotesRequest.java,0,,,1,,,
Public Constructor,"yahoofinance.histquotes.HistQuotesRequest.HistQuotesRequest",HistQuotesRequest.java,0,,,1,,,
Public Constructor,"yahoofinance.histquotes.HistQuotesRequest.HistQuotesRequest",HistQuotesRequest.java,0,,,1,,,
Public Constructor,"yahoofinance.histquotes.HistQuotesRequest.HistQuotesRequest",HistQuotesRequest.java,0,,,1,,,
Private Method,"yahoofinance.histquotes.HistQuotesRequest.cleanHistCalendar",HistQuotesRequest.java,0,,,1,,,
Public Method,"yahoofinance.histquotes.HistQuotesRequest.getResult",HistQuotesRequest.java,1,,,3,,,
Private Method,"yahoofinance.histquotes.HistQuotesRequest.parseCSVLine",HistQuotesRequest.java,0,,,1,,,
Public Class,"yahoofinance.histquotes.HistoricalQuote",HistoricalQuote.java,0,84,1,19,0,1,6
Public Constructor,"yahoofinance.histquotes.HistoricalQuote.HistoricalQuote",HistoricalQuote.java,0,,,1,,,
Public Constructor,"yahoofinance.histquotes.HistoricalQuote.HistoricalQuote",HistoricalQuote.java,0,,,1,,,
Public Method,"yahoofinance.histquotes.HistoricalQuote.getAdjClose",HistoricalQuote.java,0,,,1,,,
Public Method,"yahoofinance.histquotes.HistoricalQuote.getClose",HistoricalQuote.java,0,,,1,,,
Public Method,"yahoofinance.histquotes.HistoricalQuote.getDate",HistoricalQuote.java,0,,,1,,,
Public Method,"yahoofinance.histquotes.HistoricalQuote.getHigh",HistoricalQuote.java,0,,,1,,,
Public Method,"yahoofinance.histquotes.HistoricalQuote.getLow",HistoricalQuote.java,0,,,1,,,
Public Method,"yahoofinance.histquotes.HistoricalQuote.getOpen",HistoricalQuote.java,0,,,1,,,
Public Method,"yahoofinance.histquotes.HistoricalQuote.getSymbol",HistoricalQuote.java,0,,,1,,,
Public Method,"yahoofinance.histquotes.HistoricalQuote.getVolume",HistoricalQuote.java,0,,,1,,,
Public Method,"yahoofinance.histquotes.HistoricalQuote.setAdjClose",HistoricalQuote.java,0,,,1,,,
Public Method,"yahoofinance.histquotes.HistoricalQuote.setClose",HistoricalQuote.java,0,,,1,,,
Public Method,"yahoofinance.histquotes.HistoricalQuote.setDate",HistoricalQuote.java,0,,,1,,,
Public Method,"yahoofinance.histquotes.HistoricalQuote.setHigh",HistoricalQuote.java,0,,,1,,,
Public Method,"yahoofinance.histquotes.HistoricalQuote.setLow",HistoricalQuote.java,0,,,1,,,
Public Method,"yahoofinance.histquotes.HistoricalQuote.setOpen",HistoricalQuote.java,0,,,1,,,
Public Method,"yahoofinance.histquotes.HistoricalQuote.setSymbol",HistoricalQuote.java,0,,,1,,,
Public Method,"yahoofinance.histquotes.HistoricalQuote.setVolume",HistoricalQuote.java,0,,,1,,,
Public Method,"yahoofinance.histquotes.HistoricalQuote.toString",HistoricalQuote.java,0,,,1,,,
Public Enum Type,"yahoofinance.histquotes.Interval",Interval.java,0,,1,2,0,1,1
Constructor,"yahoofinance.histquotes.Interval.Interval",Interval.java,0,,,1,,,
Public Method,"yahoofinance.histquotes.Interval.getTag",Interval.java,0,,,1,,,
Public Implicit Method,"yahoofinance.histquotes.Interval.valueOf",Interval.java,,,,0,,,
Public Implicit Method,"yahoofinance.histquotes.Interval.values",Interval.java,,,,0,,,
Package,"yahoofinance.histquotes2",CrumbManager.java,5,,,81,,,
Public Class,"yahoofinance.histquotes2.CrumbManager",CrumbManager.java,5,50,1,24,0,1,23
Public Static Method,"yahoofinance.histquotes2.CrumbManager.getCookie",CrumbManager.java,1,,,2,,,
Public Static Method,"yahoofinance.histquotes2.CrumbManager.getCrumb",CrumbManager.java,1,,,2,,,
Public Static Method,"yahoofinance.histquotes2.CrumbManager.refresh",CrumbManager.java,0,,,1,,,
Private Static Method,"yahoofinance.histquotes2.CrumbManager.setCookie",CrumbManager.java,5,,,16,,,
Private Static Method,"yahoofinance.histquotes2.CrumbManager.setCrumb",CrumbManager.java,1,,,3,,,
Public Class,"yahoofinance.histquotes2.HistDividendsRequest",HistDividendsRequest.java,1,50,1,8,0,1,24
Public Constructor,"yahoofinance.histquotes2.HistDividendsRequest.HistDividendsRequest",HistDividendsRequest.java,0,,,1,,,
Public Constructor,"yahoofinance.histquotes2.HistDividendsRequest.HistDividendsRequest",HistDividendsRequest.java,0,,,1,,,
Public Constructor,"yahoofinance.histquotes2.HistDividendsRequest.HistDividendsRequest",HistDividendsRequest.java,0,,,1,,,
Private Method,"yahoofinance.histquotes2.HistDividendsRequest.cleanHistCalendar",HistDividendsRequest.java,0,,,1,,,
Public Method,"yahoofinance.histquotes2.HistDividendsRequest.getResult",HistDividendsRequest.java,1,,,3,,,
Private Method,"yahoofinance.histquotes2.HistDividendsRequest.parseCSVLine",HistDividendsRequest.java,0,,,1,,,
Public Class,"yahoofinance.histquotes2.HistQuotes2Request",HistQuotes2Request.java,1,77,1,14,0,1,24
Public Constructor,"yahoofinance.histquotes2.HistQuotes2Request.HistQuotes2Request",HistQuotes2Request.java,0,,,1,,,
Public Constructor,"yahoofinance.histquotes2.HistQuotes2Request.HistQuotes2Request",HistQuotes2Request.java,0,,,1,,,
Public Constructor,"yahoofinance.histquotes2.HistQuotes2Request.HistQuotes2Request",HistQuotes2Request.java,0,,,1,,,
Public Constructor,"yahoofinance.histquotes2.HistQuotes2Request.HistQuotes2Request",HistQuotes2Request.java,0,,,1,,,
Public Constructor,"yahoofinance.histquotes2.HistQuotes2Request.HistQuotes2Request",HistQuotes2Request.java,0,,,1,,,
Public Constructor,"yahoofinance.histquotes2.HistQuotes2Request.HistQuotes2Request",HistQuotes2Request.java,0,,,1,,,
Public Constructor,"yahoofinance.histquotes2.HistQuotes2Request.HistQuotes2Request",HistQuotes2Request.java,0,,,1,,,
Public Constructor,"yahoofinance.histquotes2.HistQuotes2Request.HistQuotes2Request",HistQuotes2Request.java,0,,,1,,,
Public Constructor,"yahoofinance.histquotes2.HistQuotes2Request.HistQuotes2Request",HistQuotes2Request.java,0,,,1,,,
Private Method,"yahoofinance.histquotes2.HistQuotes2Request.cleanHistCalendar",HistQuotes2Request.java,0,,,1,,,
Public Method,"yahoofinance.histquotes2.HistQuotes2Request.getResult",HistQuotes2Request.java,1,,,3,,,
Private Method,"yahoofinance.histquotes2.HistQuotes2Request.parseCSVLine",HistQuotes2Request.java,0,,,1,,,
Public Class,"yahoofinance.histquotes2.HistSplitsRequest",HistSplitsRequest.java,1,50,1,8,0,1,24
Public Constructor,"yahoofinance.histquotes2.HistSplitsRequest.HistSplitsRequest",HistSplitsRequest.java,0,,,1,,,
Public Constructor,"yahoofinance.histquotes2.HistSplitsRequest.HistSplitsRequest",HistSplitsRequest.java,0,,,1,,,
Public Constructor,"yahoofinance.histquotes2.HistSplitsRequest.HistSplitsRequest",HistSplitsRequest.java,0,,,1,,,
Private Method,"yahoofinance.histquotes2.HistSplitsRequest.cleanHistCalendar",HistSplitsRequest.java,0,,,1,,,
Public Method,"yahoofinance.histquotes2.HistSplitsRequest.getResult",HistSplitsRequest.java,1,,,3,,,
Private Method,"yahoofinance.histquotes2.HistSplitsRequest.parseCSVLine",HistSplitsRequest.java,0,,,1,,,
Public Class,"yahoofinance.histquotes2.HistoricalDividend",HistoricalDividend.java,0,56,1,9,0,1,5
Public Constructor,"yahoofinance.histquotes2.HistoricalDividend.HistoricalDividend",HistoricalDividend.java,0,,,1,,,
Public Constructor,"yahoofinance.histquotes2.HistoricalDividend.HistoricalDividend",HistoricalDividend.java,0,,,1,,,
Public Method,"yahoofinance.histquotes2.HistoricalDividend.getAdjDividend",HistoricalDividend.java,0,,,1,,,
Public Method,"yahoofinance.histquotes2.HistoricalDividend.getDate",HistoricalDividend.java,0,,,1,,,
Public Method,"yahoofinance.histquotes2.HistoricalDividend.getSymbol",HistoricalDividend.java,0,,,1,,,
Public Method,"yahoofinance.histquotes2.HistoricalDividend.setAdjDividend",HistoricalDividend.java,0,,,1,,,
Public Method,"yahoofinance.histquotes2.HistoricalDividend.setDate",HistoricalDividend.java,0,,,1,,,
Public Method,"yahoofinance.histquotes2.HistoricalDividend.setSymbol",HistoricalDividend.java,0,,,1,,,
Public Method,"yahoofinance.histquotes2.HistoricalDividend.toString",HistoricalDividend.java,0,,,1,,,
Public Class,"yahoofinance.histquotes2.HistoricalSplit",HistoricalSplit.java,0,63,1,12,0,1,6
Public Constructor,"yahoofinance.histquotes2.HistoricalSplit.HistoricalSplit",HistoricalSplit.java,0,,,1,,,
Public Constructor,"yahoofinance.histquotes2.HistoricalSplit.HistoricalSplit",HistoricalSplit.java,0,,,1,,,
Public Method,"yahoofinance.histquotes2.HistoricalSplit.getDate",HistoricalSplit.java,0,,,1,,,
Public Method,"yahoofinance.histquotes2.HistoricalSplit.getDenominator",HistoricalSplit.java,0,,,1,,,
Public Method,"yahoofinance.histquotes2.HistoricalSplit.getNumerator",HistoricalSplit.java,0,,,1,,,
Public Method,"yahoofinance.histquotes2.HistoricalSplit.getSplitFactor",HistoricalSplit.java,0,,,1,,,
Public Method,"yahoofinance.histquotes2.HistoricalSplit.getSymbol",HistoricalSplit.java,0,,,1,,,
Public Method,"yahoofinance.histquotes2.HistoricalSplit.setDate",HistoricalSplit.java,0,,,1,,,
Public Method,"yahoofinance.histquotes2.HistoricalSplit.setDenominator",HistoricalSplit.java,0,,,1,,,
Public Method,"yahoofinance.histquotes2.HistoricalSplit.setNumerator",HistoricalSplit.java,0,,,1,,,
Public Method,"yahoofinance.histquotes2.HistoricalSplit.setSymbol",HistoricalSplit.java,0,,,1,,,
Public Method,"yahoofinance.histquotes2.HistoricalSplit.toString",HistoricalSplit.java,0,,,1,,,
Public Class,"yahoofinance.histquotes2.IntervalMapper",IntervalMapper.java,1,0,1,4,0,1,2
Public Static Method,"yahoofinance.histquotes2.IntervalMapper.get",IntervalMapper.java,1,,,4,,,
Public Enum Type,"yahoofinance.histquotes2.QueryInterval",QueryInterval.java,0,,1,2,0,1,1
Constructor,"yahoofinance.histquotes2.QueryInterval.QueryInterval",QueryInterval.java,0,,,1,,,
Public Method,"yahoofinance.histquotes2.QueryInterval.getTag",QueryInterval.java,0,,,1,,,
Public Implicit Method,"yahoofinance.histquotes2.QueryInterval.valueOf",QueryInterval.java,,,,0,,,
Public Implicit Method,"yahoofinance.histquotes2.QueryInterval.values",QueryInterval.java,,,,0,,,
Package,"yahoofinance.mock",MockedServersTest.java,1,,,13,,,
Public Class,"yahoofinance.mock.MockedServersTest",MockedServersTest.java,1,0,1,3,4,1,8
Public Static Method,"yahoofinance.mock.MockedServersTest.startServers",MockedServersTest.java,1,,,3,,,
Public Class,"yahoofinance.mock.ResponseResource",ResponseResource.java,1,33,1,4,0,1,8
Public Constructor,"yahoofinance.mock.ResponseResource.ResponseResource",ResponseResource.java,0,,,1,,,
Public Constructor,"yahoofinance.mock.ResponseResource.ResponseResource",ResponseResource.java,0,,,1,,,
Public Method,"yahoofinance.mock.ResponseResource.get",ResponseResource.java,1,,,2,,,
Public Class,"yahoofinance.mock.YahooFinanceDispatcher",YahooFinanceDispatcher.java,1,0,2,6,0,1,15
Public Constructor,"yahoofinance.mock.YahooFinanceDispatcher.YahooFinanceDispatcher",YahooFinanceDispatcher.java,0,,,1,,,
Public Method,"yahoofinance.mock.YahooFinanceDispatcher.dispatch",YahooFinanceDispatcher.java,1,,,2,,,
Private Method,"yahoofinance.mock.YahooFinanceDispatcher.loadRequests",YahooFinanceDispatcher.java,1,,,3,,,
Package,"yahoofinance.query2v8",HistQuotesQuery2V8Request.java,2,,,13,,,
Public Class,"yahoofinance.query2v8.HistQuotesQuery2V8Request",HistQuotesQuery2V8Request.java,2,69,1,13,0,1,24
Public Constructor,"yahoofinance.query2v8.HistQuotesQuery2V8Request.HistQuotesQuery2V8Request",HistQuotesQuery2V8Request.java,0,,,1,,,
Public Constructor,"yahoofinance.query2v8.HistQuotesQuery2V8Request.HistQuotesQuery2V8Request",HistQuotesQuery2V8Request.java,0,,,1,,,
Public Constructor,"yahoofinance.query2v8.HistQuotesQuery2V8Request.HistQuotesQuery2V8Request",HistQuotesQuery2V8Request.java,0,,,1,,,
Public Constructor,"yahoofinance.query2v8.HistQuotesQuery2V8Request.HistQuotesQuery2V8Request",HistQuotesQuery2V8Request.java,0,,,1,,,
Public Constructor,"yahoofinance.query2v8.HistQuotesQuery2V8Request.HistQuotesQuery2V8Request",HistQuotesQuery2V8Request.java,0,,,1,,,
Public Constructor,"yahoofinance.query2v8.HistQuotesQuery2V8Request.HistQuotesQuery2V8Request",HistQuotesQuery2V8Request.java,0,,,1,,,
Private Method,"yahoofinance.query2v8.HistQuotesQuery2V8Request.cleanHistCalendar",HistQuotesQuery2V8Request.java,0,,,1,,,
Public Method,"yahoofinance.query2v8.HistQuotesQuery2V8Request.getJson",HistQuotesQuery2V8Request.java,2,,,4,,,
Public Method,"yahoofinance.query2v8.HistQuotesQuery2V8Request.getResult",HistQuotesQuery2V8Request.java,1,,,2,,,
Package,"yahoofinance.quotes",,0,,,0,,,
Package,"yahoofinance.quotes.csv",FxQuotesRequest.java,3,,,33,,,
Public Class,"yahoofinance.quotes.csv.FxQuotesRequest",FxQuotesRequest.java,1,0,2,3,0,1,9
Public Constructor,"yahoofinance.quotes.csv.FxQuotesRequest.FxQuotesRequest",FxQuotesRequest.java,0,,,1,,,
Protected Method,"yahoofinance.quotes.csv.FxQuotesRequest.parseCSVLine",FxQuotesRequest.java,1,,,2,,,
Public Enum Type,"yahoofinance.quotes.csv.QuotesProperty",QuotesProperty.java,0,,1,2,0,1,1
Constructor,"yahoofinance.quotes.csv.QuotesProperty.QuotesProperty",QuotesProperty.java,0,,,1,,,
Public Method,"yahoofinance.quotes.csv.QuotesProperty.getTag",QuotesProperty.java,0,,,1,,,
Public Implicit Method,"yahoofinance.quotes.csv.QuotesProperty.valueOf",QuotesProperty.java,,,,0,,,
Public Implicit Method,"yahoofinance.quotes.csv.QuotesProperty.values",QuotesProperty.java,,,,0,,,
Public Abstract Generic Class,"yahoofinance.quotes.csv.QuotesRequest",QuotesRequest.java,2,50,1,11,2,1,17
Public Constructor,"yahoofinance.quotes.csv.QuotesRequest.QuotesRequest",QuotesRequest.java,0,,,1,,,
Generic Parameter,"yahoofinance.quotes.csv.QuotesRequest.T",QuotesRequest.java,0,0,1,0,0,1,0
Private Method,"yahoofinance.quotes.csv.QuotesRequest.getFieldsString",QuotesRequest.java,1,,,2,,,
Public Method,"yahoofinance.quotes.csv.QuotesRequest.getProperties",QuotesRequest.java,0,,,1,,,
Public Method,"yahoofinance.quotes.csv.QuotesRequest.getQuery",QuotesRequest.java,0,,,1,,,
Public Method,"yahoofinance.quotes.csv.QuotesRequest.getResult",QuotesRequest.java,2,,,3,,,
Public Method,"yahoofinance.quotes.csv.QuotesRequest.getSingleResult",QuotesRequest.java,1,,,2,,,
Protected Abstract Method,"yahoofinance.quotes.csv.QuotesRequest.parseCSVLine",QuotesRequest.java,0,,,0,,,
Public Method,"yahoofinance.quotes.csv.QuotesRequest.setProperties",QuotesRequest.java,0,,,1,,,
Public Class,"yahoofinance.quotes.csv.StockQuotesData",StockQuotesData.java,1,67,1,7,0,1,11
Public Constructor,"yahoofinance.quotes.csv.StockQuotesData.StockQuotesData",StockQuotesData.java,0,,,1,,,
Public Method,"yahoofinance.quotes.csv.StockQuotesData.getDividend",StockQuotesData.java,0,,,1,,,
Public Method,"yahoofinance.quotes.csv.StockQuotesData.getQuote",StockQuotesData.java,0,,,1,,,
Public Method,"yahoofinance.quotes.csv.StockQuotesData.getStats",StockQuotesData.java,0,,,1,,,
Public Method,"yahoofinance.quotes.csv.StockQuotesData.getStock",StockQuotesData.java,0,,,1,,,
Public Method,"yahoofinance.quotes.csv.StockQuotesData.getValue",StockQuotesData.java,1,,,2,,,
Public Class,"yahoofinance.quotes.csv.StockQuotesRequest",StockQuotesRequest.java,3,0,2,10,0,1,6
Public Constructor,"yahoofinance.quotes.csv.StockQuotesRequest.StockQuotesRequest",StockQuotesRequest.java,0,,,1,,,
Protected Method,"yahoofinance.quotes.csv.StockQuotesRequest.parseCSVLine",StockQuotesRequest.java,3,,,9,,,
Package,"yahoofinance.quotes.fx",FxQuote.java,1,,,9,,,
Public Class,"yahoofinance.quotes.fx.FxQuote",FxQuote.java,1,25,1,9,0,1,6
Public Constructor,"yahoofinance.quotes.fx.FxQuote.FxQuote",FxQuote.java,0,,,1,,,
Public Constructor,"yahoofinance.quotes.fx.FxQuote.FxQuote",FxQuote.java,0,,,1,,,
Public Method,"yahoofinance.quotes.fx.FxQuote.getPrice",FxQuote.java,0,,,1,,,
Public Method,"yahoofinance.quotes.fx.FxQuote.getPrice",FxQuote.java,1,,,2,,,
Public Method,"yahoofinance.quotes.fx.FxQuote.getSymbol",FxQuote.java,0,,,1,,,
Public Method,"yahoofinance.quotes.fx.FxQuote.setPrice",FxQuote.java,0,,,1,,,
Public Method,"yahoofinance.quotes.fx.FxQuote.setSymbol",FxQuote.java,0,,,1,,,
Public Method,"yahoofinance.quotes.fx.FxQuote.toString",FxQuote.java,0,,,1,,,
Public Class,"yahoofinance.quotes.fx.FxSymbols",FxSymbols.java,0,0,1,0,0,1,1
Package,"yahoofinance.quotes.query1v7",FxQuotesQuery1V7Request.java,2,,,24,,,
Public Class,"yahoofinance.quotes.query1v7.FxQuotesQuery1V7Request",FxQuotesQuery1V7Request.java,0,0,2,2,0,1,6
Public Constructor,"yahoofinance.quotes.query1v7.FxQuotesQuery1V7Request.FxQuotesQuery1V7Request",FxQuotesQuery1V7Request.java,0,,,1,,,
Protected Method,"yahoofinance.quotes.query1v7.FxQuotesQuery1V7Request.parseJson",FxQuotesQuery1V7Request.java,0,,,1,,,
Public Abstract Generic Class,"yahoofinance.quotes.query1v7.QuotesRequest",QuotesRequest.java,2,25,1,7,2,1,16
Public Constructor,"yahoofinance.quotes.query1v7.QuotesRequest.QuotesRequest",QuotesRequest.java,0,,,1,,,
Generic Parameter,"yahoofinance.quotes.query1v7.QuotesRequest.T",QuotesRequest.java,0,0,1,0,0,1,0
Public Method,"yahoofinance.quotes.query1v7.QuotesRequest.getResult",QuotesRequest.java,2,,,3,,,
Public Method,"yahoofinance.quotes.query1v7.QuotesRequest.getSingleResult",QuotesRequest.java,1,,,2,,,
Public Method,"yahoofinance.quotes.query1v7.QuotesRequest.getSymbols",QuotesRequest.java,0,,,1,,,
Protected Abstract Method,"yahoofinance.quotes.query1v7.QuotesRequest.parseJson",QuotesRequest.java,0,,,0,,,
Public Class,"yahoofinance.quotes.query1v7.StockQuotesQuery1V7Request",StockQuotesQuery1V7Request.java,2,0,2,15,0,1,13
Public Constructor,"yahoofinance.quotes.query1v7.StockQuotesQuery1V7Request.StockQuotesQuery1V7Request",StockQuotesQuery1V7Request.java,0,,,1,,,
Private Method,"yahoofinance.quotes.query1v7.StockQuotesQuery1V7Request.getDividend",StockQuotesQuery1V7Request.java,2,,,5,,,
Private Method,"yahoofinance.quotes.query1v7.StockQuotesQuery1V7Request.getQuote",StockQuotesQuery1V7Request.java,1,,,3,,,
Private Method,"yahoofinance.quotes.query1v7.StockQuotesQuery1V7Request.getStats",StockQuotesQuery1V7Request.java,1,,,2,,,
Private Method,"yahoofinance.quotes.query1v7.StockQuotesQuery1V7Request.getStringValue",StockQuotesQuery1V7Request.java,1,,,2,,,
Protected Method,"yahoofinance.quotes.query1v7.StockQuotesQuery1V7Request.parseJson",StockQuotesQuery1V7Request.java,1,,,2,,,
Package,"yahoofinance.quotes.stock",StockDividend.java,1,,,122,,,
Public Class,"yahoofinance.quotes.stock.StockDividend",StockDividend.java,1,78,1,15,0,1,5
Public Constructor,"yahoofinance.quotes.stock.StockDividend.StockDividend",StockDividend.java,0,,,1,,,
Public Method,"yahoofinance.quotes.stock.StockDividend.builder",StockDividend.java,0,,,1,,,
Public Method,"yahoofinance.quotes.stock.StockDividend.getAnnualYield",StockDividend.java,0,,,1,,,
Public Method,"yahoofinance.quotes.stock.StockDividend.getAnnualYieldPercent",StockDividend.java,0,,,1,,,
Public Method,"yahoofinance.quotes.stock.StockDividend.getExDate",StockDividend.java,0,,,1,,,
Public Method,"yahoofinance.quotes.stock.StockDividend.getPayDate",StockDividend.java,0,,,1,,,
Public Method,"yahoofinance.quotes.stock.StockDividend.getSymbol",StockDividend.java,0,,,1,,,
Public Method,"yahoofinance.quotes.stock.StockDividend.setAnnualYield",StockDividend.java,0,,,1,,,
Public Method,"yahoofinance.quotes.stock.StockDividend.setAnnualYieldPercent",StockDividend.java,0,,,1,,,
Public Method,"yahoofinance.quotes.stock.StockDividend.setExDate",StockDividend.java,0,,,1,,,
Public Method,"yahoofinance.quotes.stock.StockDividend.setPayDate",StockDividend.java,0,,,1,,,
Public Method,"yahoofinance.quotes.stock.StockDividend.toString",StockDividend.java,1,,,4,,,
Public Class,"yahoofinance.quotes.stock.StockDividendBuilder",StockDividendBuilder.java,0,14,1,7,0,1,4
Private Constructor,"yahoofinance.quotes.stock.StockDividendBuilder.StockDividendBuilder",StockDividendBuilder.java,0,,,1,,,
Public Method,"yahoofinance.quotes.stock.StockDividendBuilder.build",StockDividendBuilder.java,0,,,1,,,
Public Static Method,"yahoofinance.quotes.stock.StockDividendBuilder.builder",StockDividendBuilder.java,0,,,1,,,
Public Method,"yahoofinance.quotes.stock.StockDividendBuilder.setAnnualYield",StockDividendBuilder.java,0,,,1,,,
Public Method,"yahoofinance.quotes.stock.StockDividendBuilder.setAnnualYieldPercent",StockDividendBuilder.java,0,,,1,,,
Public Method,"yahoofinance.quotes.stock.StockDividendBuilder.setExDate",StockDividendBuilder.java,0,,,1,,,
Public Method,"yahoofinance.quotes.stock.StockDividendBuilder.setPayDate",StockDividendBuilder.java,0,,,1,,,
Public Class,"yahoofinance.quotes.stock.StockQuote",StockQuote.java,1,94,1,59,0,1,8
Public Constructor,"yahoofinance.quotes.stock.StockQuote.StockQuote",StockQuote.java,0,,,1,,,
Public Method,"yahoofinance.quotes.stock.StockQuote.getAsk",StockQuote.java,0,,,1,,,
Public Method,"yahoofinance.quotes.stock.StockQuote.getAskSize",StockQuote.java,0,,,1,,,
Public Method,"yahoofinance.quotes.stock.StockQuote.getAvgVolume",StockQuote.java,0,,,1,,,
Public Method,"yahoofinance.quotes.stock.StockQuote.getBid",StockQuote.java,0,,,1,,,
Public Method,"yahoofinance.quotes.stock.StockQuote.getBidSize",StockQuote.java,0,,,1,,,
Public Method,"yahoofinance.quotes.stock.StockQuote.getChange",StockQuote.java,1,,,2,,,
Public Method,"yahoofinance.quotes.stock.StockQuote.getChangeFromAvg200",StockQuote.java,1,,,2,,,
Public Method,"yahoofinance.quotes.stock.StockQuote.getChangeFromAvg200InPercent",StockQuote.java,0,,,1,,,
Public Method,"yahoofinance.quotes.stock.StockQuote.getChangeFromAvg50",StockQuote.java,1,,,2,,,
Public Method,"yahoofinance.quotes.stock.StockQuote.getChangeFromAvg50InPercent",StockQuote.java,0,,,1,,,
Public Method,"yahoofinance.quotes.stock.StockQuote.getChangeFromYearHigh",StockQuote.java,1,,,2,,,
Public Method,"yahoofinance.quotes.stock.StockQuote.getChangeFromYearHighInPercent",StockQuote.java,0,,,1,,,
Public Method,"yahoofinance.quotes.stock.StockQuote.getChangeFromYearLow",StockQuote.java,1,,,2,,,
Public Method,"yahoofinance.quotes.stock.StockQuote.getChangeFromYearLowInPercent",StockQuote.java,0,,,1,,,
Public Method,"yahoofinance.quotes.stock.StockQuote.getChangeInPercent",StockQuote.java,0,,,1,,,
Public Method,"yahoofinance.quotes.stock.StockQuote.getDayHigh",StockQuote.java,0,,,1,,,
Public Method,"yahoofinance.quotes.stock.StockQuote.getDayLow",StockQuote.java,0,,,1,,,
Public Method,"yahoofinance.quotes.stock.StockQuote.getLastTradeDateStr",StockQuote.java,0,,,1,,,
Public Method,"yahoofinance.quotes.stock.StockQuote.getLastTradeSize",StockQuote.java,0,,,1,,,
Public Method,"yahoofinance.quotes.stock.StockQuote.getLastTradeTime",StockQuote.java,0,,,1,,,
Public Method,"yahoofinance.quotes.stock.StockQuote.getLastTradeTime",StockQuote.java,0,,,1,,,
Public Method,"yahoofinance.quotes.stock.StockQuote.getLastTradeTimeStr",StockQuote.java,0,,,1,,,
Public Method,"yahoofinance.quotes.stock.StockQuote.getOpen",StockQuote.java,0,,,1,,,
Public Method,"yahoofinance.quotes.stock.StockQuote.getPreviousClose",StockQuote.java,0,,,1,,,
Public Method,"yahoofinance.quotes.stock.StockQuote.getPrice",StockQuote.java,0,,,1,,,
Public Method,"yahoofinance.quotes.stock.StockQuote.getPriceAvg200",StockQuote.java,0,,,1,,,
Public Method,"yahoofinance.quotes.stock.StockQuote.getPriceAvg50",StockQuote.java,0,,,1,,,
Public Method,"yahoofinance.quotes.stock.StockQuote.getSymbol",StockQuote.java,0,,,1,,,
Public Method,"yahoofinance.quotes.stock.StockQuote.getTimeZone",StockQuote.java,0,,,1,,,
Public Method,"yahoofinance.quotes.stock.StockQuote.getVolume",StockQuote.java,0,,,1,,,
Public Method,"yahoofinance.quotes.stock.StockQuote.getYearHigh",StockQuote.java,0,,,1,,,
Public Method,"yahoofinance.quotes.stock.StockQuote.getYearLow",StockQuote.java,0,,,1,,,
Public Method,"yahoofinance.quotes.stock.StockQuote.setAsk",StockQuote.java,0,,,1,,,
Public Method,"yahoofinance.quotes.stock.StockQuote.setAskSize",StockQuote.java,0,,,1,,,
Public Method,"yahoofinance.quotes.stock.StockQuote.setAvgVolume",StockQuote.java,0,,,1,,,
Public Method,"yahoofinance.quotes.stock.StockQuote.setBid",StockQuote.java,0,,,1,,,
Public Method,"yahoofinance.quotes.stock.StockQuote.setBidSize",StockQuote.java,0,,,1,,,
Public Method,"yahoofinance.quotes.stock.StockQuote.setDayHigh",StockQuote.java,0,,,1,,,
Public Method,"yahoofinance.quotes.stock.StockQuote.setDayLow",StockQuote.java,0,,,1,,,
Public Method,"yahoofinance.quotes.stock.StockQuote.setLastTradeDateStr",StockQuote.java,0,,,1,,,
Public Method,"yahoofinance.quotes.stock.StockQuote.setLastTradeSize",StockQuote.java,0,,,1,,,
Public Method,"yahoofinance.quotes.stock.StockQuote.setLastTradeTime",StockQuote.java,0,,,1,,,
Public Method,"yahoofinance.quotes.stock.StockQuote.setLastTradeTimeStr",StockQuote.java,0,,,1,,,
Public Method,"yahoofinance.quotes.stock.StockQuote.setOpen",StockQuote.java,0,,,1,,,
Public Method,"yahoofinance.quotes.stock.StockQuote.setPreviousClose",StockQuote.java,0,,,1,,,
Public Method,"yahoofinance.quotes.stock.StockQuote.setPrice",StockQuote.java,0,,,1,,,
Public Method,"yahoofinance.quotes.stock.StockQuote.setPriceAvg200",StockQuote.java,0,,,1,,,
Public Method,"yahoofinance.quotes.stock.StockQuote.setPriceAvg50",StockQuote.java,0,,,1,,,
Public Method,"yahoofinance.quotes.stock.StockQuote.setTimeZone",StockQuote.java,0,,,1,,,
Public Method,"yahoofinance.quotes.stock.StockQuote.setVolume",StockQuote.java,0,,,1,,,
Public Method,"yahoofinance.quotes.stock.StockQuote.setYearHigh",StockQuote.java,0,,,1,,,
Public Method,"yahoofinance.quotes.stock.StockQuote.setYearLow",StockQuote.java,0,,,1,,,
Public Method,"yahoofinance.quotes.stock.StockQuote.toString",StockQuote.java,0,,,1,,,
Public Class,"yahoofinance.quotes.stock.StockStats",StockStats.java,1,94,1,41,0,1,6
Public Constructor,"yahoofinance.quotes.stock.StockStats.StockStats",StockStats.java,0,,,1,,,
Public Method,"yahoofinance.quotes.stock.StockStats.getBookValuePerShare",StockStats.java,0,,,1,,,
Public Method,"yahoofinance.quotes.stock.StockStats.getEBITDA",StockStats.java,0,,,1,,,
Public Method,"yahoofinance.quotes.stock.StockStats.getEarningsAnnouncement",StockStats.java,0,,,1,,,
Public Method,"yahoofinance.quotes.stock.StockStats.getEps",StockStats.java,0,,,1,,,
Public Method,"yahoofinance.quotes.stock.StockStats.getEpsEstimateCurrentYear",StockStats.java,0,,,1,,,
Public Method,"yahoofinance.quotes.stock.StockStats.getEpsEstimateNextQuarter",StockStats.java,0,,,1,,,
Public Method,"yahoofinance.quotes.stock.StockStats.getEpsEstimateNextYear",StockStats.java,0,,,1,,,
Public Method,"yahoofinance.quotes.stock.StockStats.getMarketCap",StockStats.java,0,,,1,,,
Public Method,"yahoofinance.quotes.stock.StockStats.getOneYearTargetPrice",StockStats.java,0,,,1,,,
Public Method,"yahoofinance.quotes.stock.StockStats.getPe",StockStats.java,0,,,1,,,
Public Method,"yahoofinance.quotes.stock.StockStats.getPeg",StockStats.java,0,,,1,,,
Public Method,"yahoofinance.quotes.stock.StockStats.getPriceBook",StockStats.java,0,,,1,,,
Public Method,"yahoofinance.quotes.stock.StockStats.getPriceSales",StockStats.java,0,,,1,,,
Public Method,"yahoofinance.quotes.stock.StockStats.getROE",StockStats.java,0,,,1,,,
Public Method,"yahoofinance.quotes.stock.StockStats.getRevenue",StockStats.java,0,,,1,,,
Public Method,"yahoofinance.quotes.stock.StockStats.getSharesFloat",StockStats.java,0,,,1,,,
Public Method,"yahoofinance.quotes.stock.StockStats.getSharesOutstanding",StockStats.java,0,,,1,,,
Public Method,"yahoofinance.quotes.stock.StockStats.getSharesOwned",StockStats.java,0,,,1,,,
Public Method,"yahoofinance.quotes.stock.StockStats.getShortRatio",StockStats.java,0,,,1,,,
Public Method,"yahoofinance.quotes.stock.StockStats.getSymbol",StockStats.java,0,,,1,,,
Public Method,"yahoofinance.quotes.stock.StockStats.setBookValuePerShare",StockStats.java,0,,,1,,,
Public Method,"yahoofinance.quotes.stock.StockStats.setEBITDA",StockStats.java,0,,,1,,,
Public Method,"yahoofinance.quotes.stock.StockStats.setEarningsAnnouncement",StockStats.java,0,,,1,,,
Public Method,"yahoofinance.quotes.stock.StockStats.setEps",StockStats.java,0,,,1,,,
Public Method,"yahoofinance.quotes.stock.StockStats.setEpsEstimateCurrentYear",StockStats.java,0,,,1,,,
Public Method,"yahoofinance.quotes.stock.StockStats.setEpsEstimateNextQuarter",StockStats.java,0,,,1,,,
Public Method,"yahoofinance.quotes.stock.StockStats.setEpsEstimateNextYear",StockStats.java,0,,,1,,,
Public Method,"yahoofinance.quotes.stock.StockStats.setMarketCap",StockStats.java,0,,,1,,,
Public Method,"yahoofinance.quotes.stock.StockStats.setOneYearTargetPrice",StockStats.java,0,,,1,,,
Public Method,"yahoofinance.quotes.stock.StockStats.setPe",StockStats.java,0,,,1,,,
Public Method,"yahoofinance.quotes.stock.StockStats.setPeg",StockStats.java,0,,,1,,,
Public Method,"yahoofinance.quotes.stock.StockStats.setPriceBook",StockStats.java,0,,,1,,,
Public Method,"yahoofinance.quotes.stock.StockStats.setPriceSales",StockStats.java,0,,,1,,,
Public Method,"yahoofinance.quotes.stock.StockStats.setRevenue",StockStats.java,0,,,1,,,
Public Method,"yahoofinance.quotes.stock.StockStats.setSharesFloat",StockStats.java,0,,,1,,,
Public Method,"yahoofinance.quotes.stock.StockStats.setSharesOutstanding",StockStats.java,0,,,1,,,
Public Method,"yahoofinance.quotes.stock.StockStats.setSharesOwned",StockStats.java,0,,,1,,,
Public Method,"yahoofinance.quotes.stock.StockStats.setShortRatio",StockStats.java,0,,,1,,,
Public Method,"yahoofinance.quotes.stock.StockStats.toString",StockStats.java,1,,,2,,,
Package,"yahoofinance.utils",BigDecimalUtil.java,3,,,81,,,
Public Final Class,"yahoofinance.utils.BigDecimalUtil",BigDecimalUtil.java,2,0,1,10,0,1,6
Public Static Method,"yahoofinance.utils.BigDecimalUtil.getBigDecimal",BigDecimalUtil.java,1,,,2,,,
Public Static Method,"yahoofinance.utils.BigDecimalUtil.getBigDecimal",BigDecimalUtil.java,2,,,6,,,
Public Static Method,"yahoofinance.utils.BigDecimalUtil.getPercent",BigDecimalUtil.java,1,,,2,,,
Public Class,"yahoofinance.utils.CalendarUtil",CalendarUtil.java,3,0,1,17,0,1,8
Private Static Method,"yahoofinance.utils.CalendarUtil.getDividendDateFormat",CalendarUtil.java,1,,,4,,,
Public Static Method,"yahoofinance.utils.CalendarUtil.parseDateTime",CalendarUtil.java,2,,,3,,,
Public Static Method,"yahoofinance.utils.CalendarUtil.parseDividendDate",CalendarUtil.java,3,,,6,,,
Public Static Method,"yahoofinance.utils.CalendarUtil.parseHistDate",CalendarUtil.java,2,,,3,,,
Public Static Method,"yahoofinance.utils.CalendarUtil.unixToCalendar",CalendarUtil.java,0,,,1,,,
Public Final Class,"yahoofinance.utils.PrimitiveTypesConvertUtils",PrimitiveTypesConvertUtils.java,2,0,1,15,0,1,5
Public Static Method,"yahoofinance.utils.PrimitiveTypesConvertUtils.cleanNumberString",PrimitiveTypesConvertUtils.java,0,,,1,,,
Public Static Method,"yahoofinance.utils.PrimitiveTypesConvertUtils.getDouble",PrimitiveTypesConvertUtils.java,2,,,6,,,
Public Static Method,"yahoofinance.utils.PrimitiveTypesConvertUtils.getInt",PrimitiveTypesConvertUtils.java,1,,,3,,,
Public Static Method,"yahoofinance.utils.PrimitiveTypesConvertUtils.getLong",PrimitiveTypesConvertUtils.java,1,,,3,,,
Public Static Method,"yahoofinance.utils.PrimitiveTypesConvertUtils.getString",PrimitiveTypesConvertUtils.java,1,,,2,,,
Public Class,"yahoofinance.utils.RedirectableRequest",RedirectableRequest.java,2,71,1,19,0,1,8
Public Constructor,"yahoofinance.utils.RedirectableRequest.RedirectableRequest",RedirectableRequest.java,0,,,1,,,
Public Constructor,"yahoofinance.utils.RedirectableRequest.RedirectableRequest",RedirectableRequest.java,0,,,1,,,
Public Method,"yahoofinance.utils.RedirectableRequest.getConnectTimeout",RedirectableRequest.java,0,,,1,,,
Public Method,"yahoofinance.utils.RedirectableRequest.getProtocolRedirectLimit",RedirectableRequest.java,0,,,1,,,
Public Method,"yahoofinance.utils.RedirectableRequest.getReadTimeout",RedirectableRequest.java,0,,,1,,,
Public Method,"yahoofinance.utils.RedirectableRequest.getRequest",RedirectableRequest.java,0,,,1,,,
Public Method,"yahoofinance.utils.RedirectableRequest.openConnection",RedirectableRequest.java,0,,,1,,,
Public Method,"yahoofinance.utils.RedirectableRequest.openConnection",RedirectableRequest.java,2,,,7,,,
Public Method,"yahoofinance.utils.RedirectableRequest.setConnectTimeout",RedirectableRequest.java,0,,,1,,,
Public Method,"yahoofinance.utils.RedirectableRequest.setProtocolRedirectLimit",RedirectableRequest.java,1,,,2,,,
Public Method,"yahoofinance.utils.RedirectableRequest.setReadTimeout",RedirectableRequest.java,0,,,1,,,
Public Method,"yahoofinance.utils.RedirectableRequest.setRequest",RedirectableRequest.java,0,,,1,,,
Public Class,"yahoofinance.utils.Utils",Utils.java,3,0,1,20,0,1,8
Public Static Method,"yahoofinance.utils.Utils.getURLParameters",Utils.java,2,,,4,,,
Public Static Method,"yahoofinance.utils.Utils.isParseable",Utils.java,0,,,1,,,
Public Static Method,"yahoofinance.utils.Utils.join",Utils.java,1,,,3,,,
Public Static Method,"yahoofinance.utils.Utils.stripOverhead",Utils.java,0,,,1,,,
Public Static Method,"yahoofinance.utils.Utils.unescape",Utils.java,3,,,11,,,
